,name,place,lat,lon,map
34615, სტეფანწმინდა, town,42.657968,44.6408857,D:/MapsData/ სტეფანწმინდა.png
34616, Суксун, town,57.1463922,57.39513390000001,D:/MapsData/ Суксун.png
34617, Chah Sultan, town,33.624451,73.0724306,D:/MapsData/ Chah Sultan.png
34618, Bo'ka, town,40.816929,69.1998549,D:/MapsData/ Bo'ka.png
34619, Selayang, city,3.2537121,101.6539012,D:/MapsData/ Selayang.png
34620, Jebel, town,39.6311735,54.2374781,D:/MapsData/ Jebel.png
34621, Gumdag, city,39.2023717,54.587459,D:/MapsData/ Gumdag.png
34622, Bereket, city,39.24481220000001,55.5213285,D:/MapsData/ Bereket.png
34623, Serdar, city,38.9798681,56.2726507,D:/MapsData/ Serdar.png
34624, كريم آباد, town,36.3270559,74.65933570000001,D:/MapsData/ كريم آباد.png
34625, Oglanly, town,39.848494,54.4942981,D:/MapsData/ Oglanly.png
34626, Sarahs, city,36.5237406,61.2152195,D:/MapsData/ Sarahs.png
34627, Tagtabazar, town,35.9553117,62.91738589999999,D:/MapsData/ Tagtabazar.png
34628, Kerkiçi, town,37.8507514,65.2432959,D:/MapsData/ Kerkiçi.png
34629, Bäherden, city,38.4356565,57.43677270000001,D:/MapsData/ Bäherden.png
34630, Gökdepe, city,38.1553965,57.9619789,D:/MapsData/ Gökdepe.png
34631, چلاس, town,35.419521,74.0962929,D:/MapsData/ چلاس.png
34632, דימונה, city,31.0686612,35.0366482,D:/MapsData/ דימונה.png
34633, קרית מלאכי, town,31.7314672,34.74348,D:/MapsData/ קרית מלאכי.png
34634, קרית גת, town,31.6093998,34.771198299999995,D:/MapsData/ קרית גת.png
34635, ახმეტა, town,42.0341864,45.21085789999999,D:/MapsData/ ახმეტა.png
34636, נשר, town,32.7708797,35.0381249,D:/MapsData/ נשר.png
34637, ערד, city,31.2612199,35.214581,D:/MapsData/ ערד.png
34638, شکرگڑھ, town,32.2629576,75.1604119,D:/MapsData/ شکرگڑھ.png
34639, İsmayıllı, town,40.788056,48.1485653,D:/MapsData/ İsmayıllı.png
34640, Шилово, town,54.318344,40.887768,D:/MapsData/ Шилово.png
34641, Большой Луг, town,52.0778859,104.0918894,D:/MapsData/ Большой Луг.png
34642, Шелехов, town,52.2097478,104.097683,D:/MapsData/ Шелехов.png
34643, Kendal, town,-6.9217033,110.2040344,D:/MapsData/ Kendal.png
34644, Pekalongan, city,-6.893962299999999,109.6731758,D:/MapsData/ Pekalongan.png
34645, Pemalang, town,-6.890357400000001,109.3806499,D:/MapsData/ Pemalang.png
34646, Tegal, city,-6.8673767,109.13788329999998,D:/MapsData/ Tegal.png
34647, Железногорск, town,56.250938,93.53286,D:/MapsData/ Железногорск.png
34648, Сосновоборск, town,56.12149399999999,93.33873,D:/MapsData/ Сосновоборск.png
34649, Бородино, town,55.8997187,94.8930452,D:/MapsData/ Бородино.png
34650, Уяр, town,55.809986,94.327774,D:/MapsData/ Уяр.png
34651, Заозёрный, town,55.965401,94.708107,D:/MapsData/ Заозёрный.png
34652, Лесосибирск, town,58.223511,92.48597,D:/MapsData/ Лесосибирск.png
34653, Енисейск, town,58.45322120000001,92.1748169,D:/MapsData/ Енисейск.png
34654, Назарово, town,56.01159300000001,90.418503,D:/MapsData/ Назарово.png
34655, Шарыпово, town,55.5329127,89.1864204,D:/MapsData/ Шарыпово.png
34656, Дивногорск, town,55.959644,92.37542,D:/MapsData/ Дивногорск.png
34657, Минусинск, town,53.700325,91.697235,D:/MapsData/ Минусинск.png
34658, Майна, town,52.99830600000001,91.487083,D:/MapsData/ Майна.png
34659, Саяногорск, town,53.0899015,91.4128377,D:/MapsData/ Саяногорск.png
34660, ראש פינה, town,32.968215,35.5438245,D:/MapsData/ ראש פינה.png
34661, Ужур, town,55.3197221,89.84241970000002,D:/MapsData/ Ужур.png
34662, Алзамай, town,55.554956,98.6654191,D:/MapsData/ Алзамай.png
34663, Куйтун, town,54.344154,101.506195,D:/MapsData/ Куйтун.png
34664, Саянск, town,54.1123301,102.1785158,D:/MapsData/ Саянск.png
34665, Зима, town,53.928402,102.052727,D:/MapsData/ Зима.png
34666, Залари, town,53.566238,102.515991,D:/MapsData/ Залари.png
34667, Черемхово, town,53.148434,103.070145,D:/MapsData/ Черемхово.png
34668, Свирск, town,53.06626899999999,103.342331,D:/MapsData/ Свирск.png
34669, Усолье-Сибирское, town,52.75120129999999,103.6621625,D:/MapsData/ Усолье-Сибирское.png
34670, Байкальск, town,51.522598,104.149071,D:/MapsData/ Байкальск.png
34671, Сокол, town,59.462799,40.112858,D:/MapsData/ Сокол.png
34672, Борзя, town,50.38518079999999,116.5330685,D:/MapsData/ Борзя.png
34673, Забайкальск, town,49.64465300000001,117.329025,D:/MapsData/ Забайкальск.png
34674, 满洲里市, city,49.5914042,117.4464324,D:/MapsData/ 满洲里市.png
34675, 呼伦贝尔市, city,49.2187995,119.7431228,D:/MapsData/ 呼伦贝尔市.png
34676, Архангельск, city,64.543022,40.537121,D:/MapsData/ Архангельск.png
34677, Данилов, town,58.188808,40.175114,D:/MapsData/ Данилов.png
34678, Бикин, town,46.819363,134.254822,D:/MapsData/ Бикин.png
34679, 饶河县, city,46.7982271,134.0080217,D:/MapsData/ 饶河县.png
34680, Лучегорск, town,46.4443195,134.3006729,D:/MapsData/ Лучегорск.png
34681, Дальнереченск, town,45.9337195,133.7349056,D:/MapsData/ Дальнереченск.png
34682, Вяземский, town,47.533455,134.757874,D:/MapsData/ Вяземский.png
34683, Хабаровск, city,48.481403,135.07693500000002,D:/MapsData/ Хабаровск.png
34684, Новобурейский, town,49.7939604,129.8734105,D:/MapsData/ Новобурейский.png
34685, Свободный, town,51.377354,128.13475,D:/MapsData/ Свободный.png
34686, Шимановск, town,51.9987022,127.6719156,D:/MapsData/ Шимановск.png
34687, Ichalkaranji, city,16.6959348,74.4555755,D:/MapsData/ Ichalkaranji.png
34688, 安达镇, town,46.4095555,125.3350211,D:/MapsData/ 安达镇.png
34689, בני ברק, town,32.0873899,34.8324376,D:/MapsData/ בני ברק.png
34690, גבעתיים, town,32.0729606,34.811327899999995,D:/MapsData/ גבעתיים.png
34691, Чапаевск, town,52.981285,49.711193,D:/MapsData/ Чапаевск.png
34692, Могоча, town,53.7335417,119.7648554,D:/MapsData/ Могоча.png
34693, 赛汉塔拉镇, town,42.7444078,112.6535232,D:/MapsData/ 赛汉塔拉镇.png
34694, Витязево, town,44.9897066,37.2607195,D:/MapsData/ Витязево.png
34695, Белово, town,54.419323,86.30342900000002,D:/MapsData/ Белово.png
34696, Татарск, town,55.216961,75.96219599999998,D:/MapsData/ Татарск.png
34697, พัทยา, city,12.931941,100.9009534,D:/MapsData/ พัทยา.png
34698, Югорск, town,61.31497090000001,63.33159989999999,D:/MapsData/ Югорск.png
34699, Советский, town,61.362099,63.57354,D:/MapsData/ Советский.png
34700, Нерчинск, town,51.97694,116.588341,D:/MapsData/ Нерчинск.png
34701, Галуут, town,46.7025729,100.1410417,D:/MapsData/ Галуут.png
34702, קלנסווה, town,32.2848603,34.9801701,D:/MapsData/ קלנסווה.png
34703, באקה אל-גרביה, town,32.4197144,35.0428311,D:/MapsData/ באקה אל-גרביה.png
34704, 阿穆古郎镇, town,48.2136373,118.2553213,D:/MapsData/ 阿穆古郎镇.png
34705, 巴彦托海镇, town,49.1363613,119.7477527,D:/MapsData/ 巴彦托海镇.png
34706, Зея, town,53.74035840000001,127.2716246,D:/MapsData/ Зея.png
34707, יהוד מונוסון, town,32.0331756,34.8907527,D:/MapsData/ יהוד מונוסון.png
34708, קריית אונו, town,32.0591691,34.85943029999999,D:/MapsData/ קריית אונו.png
34709, רכסים, town,32.7509558,35.1013589,D:/MapsData/ רכסים.png
34710, הרצליה, town,32.1656255,34.8469023,D:/MapsData/ הרצליה.png
34711, תל אביב-יפו, city,32.0852997,34.7818064,D:/MapsData/ תל אביב-יפו.png
34712, טבריה, town,32.7938522,35.5328566,D:/MapsData/ טבריה.png
34713, בית שאן, town,32.4967519,35.49730220000001,D:/MapsData/ בית שאן.png
34714, מגדל העמק, town,32.6765744,35.2413237,D:/MapsData/ מגדל העמק.png
34715, לוד, town,31.9489012,34.888485700000004,D:/MapsData/ לוד.png
34716, עכו, city,32.9281731,35.0756378,D:/MapsData/ עכו.png
34717, חצור הגלילית, town,32.9791697,35.54332700000001,D:/MapsData/ חצור הגלילית.png
34718, טירת כרמל, town,32.7613834,34.9715506,D:/MapsData/ טירת כרמל.png
34719, שדרות, town,31.526474,34.5969696,D:/MapsData/ שדרות.png
34720, אופקים, town,31.3125831,34.6208537,D:/MapsData/ אופקים.png
34721, קריית מוצקין, town,32.8363747,35.0752109,D:/MapsData/ קריית מוצקין.png
34722, קרית שמונה, town,33.207473300000004,35.5707828,D:/MapsData/ קרית שמונה.png
34723, سخنين, town,32.863805199999994,35.30231840000001,D:/MapsData/ سخنين.png
34724, רמלה, town,31.9279988,34.8623473,D:/MapsData/ רמלה.png
34725, دير الأسد, town,32.934771999999995,35.2668276,D:/MapsData/ دير الأسد.png
34726, אשקלון, city,31.6644874,34.5730157,D:/MapsData/ אשקלון.png
34727, יוקנעם עילית, town,32.6480601,35.0943545,D:/MapsData/ יוקנעם עילית.png
34728, קריית ים, town,32.8502229,35.0703245,D:/MapsData/ קריית ים.png
34729, עפולה, city,32.6075587,35.28908610000001,D:/MapsData/ עפולה.png
34730, ג'לג'וליה, town,32.15063789999999,34.9535399,D:/MapsData/ ג'לג'וליה.png
34731, الناصرة, city,32.706630100000005,35.30481610000001,D:/MapsData/ الناصرة.png
34732, רחובות, town,31.8952532,34.81056160000001,D:/MapsData/ רחובות.png
34733, אום אל-פחם, town,32.5158385,35.152491,D:/MapsData/ אום אל-פחם.png
34734, זכרון יעקב, town,32.5711587,34.9529966,D:/MapsData/ זכרון יעקב.png
34735, מעלות תרשיחא, town,33.015739399999994,35.27596660000001,D:/MapsData/ מעלות תרשיחא.png
34736, בת ים, city,32.0154565,34.7505283,D:/MapsData/ בת ים.png
34737, البعنة, town,32.9280587,35.272169,D:/MapsData/ البعنة.png
34738, נתיבות, town,31.421354600000004,34.5884252,D:/MapsData/ נתיבות.png
34739, מצפה רמון, city,30.6119687,34.8012169,D:/MapsData/ מצפה רמון.png
34740, צפת, city,32.9646301,35.502451,D:/MapsData/ צפת.png
34741, יבנה, town,31.8768863,34.7382974,D:/MapsData/ יבנה.png
34742, כרמיאל, city,32.9159104,35.293429,D:/MapsData/ כרמיאל.png
34743, טמרה, town,32.8534876,35.197874799999994,D:/MapsData/ טמרה.png
34744, כפר סבא, city,32.1773471,34.907459,D:/MapsData/ כפר סבא.png
34745, רמת השרון, town,32.1431276,34.8380853,D:/MapsData/ רמת השרון.png
34746, Basey, town,11.280222300000002,125.0691282,D:/MapsData/ Basey.png
34747, Tacloban, city,11.2430274,125.0081402,D:/MapsData/ Tacloban.png
34748, Puerto Princesa, city,9.7376025,118.7350414,D:/MapsData/ Puerto Princesa.png
34749, ສຸຂຸມາ, town,14.6370913,105.7882452,D:/MapsData/ ສຸຂຸມາ.png
34750, ໂຂງ, town,14.118838,105.855192,D:/MapsData/ ໂຂງ.png
34751, Muang Saen, town,14.1018569,105.783609,D:/MapsData/ Muang Saen.png
34752, Сапожок, town,53.943381,40.6826073,D:/MapsData/ Сапожок.png
34753, Ухолово, town,53.791138,40.488274,D:/MapsData/ Ухолово.png
34754, Ряжск, town,53.70887800000001,40.062984,D:/MapsData/ Ряжск.png
34755, Усть-Ишим, town,57.693462,71.16996800000003,D:/MapsData/ Усть-Ишим.png
34756, Викулово, town,56.815155,70.605362,D:/MapsData/ Викулово.png
34757, Ордынское, town,54.366676,81.904022,D:/MapsData/ Ордынское.png
34758, Камень-на-Оби, town,53.793676100000006,81.3516358,D:/MapsData/ Камень-на-Оби.png
34759, Няндома, town,61.6612985,40.1970404,D:/MapsData/ Няндома.png
34760, 哈尔滨市, city,45.7988273,126.5303997,D:/MapsData/ 哈尔滨市.png
34761, Ormoc, city,11.0046548,124.6088797,D:/MapsData/ Ormoc.png
34762, Красногорский, town,54.603565,61.234539,D:/MapsData/ Красногорский.png
34763, Vyas (Damauli), town,27.9770635,84.26861740000002,D:/MapsData/ Vyas (Damauli).png
34764, چترال, town,35.850889,71.7901897,D:/MapsData/ چترال.png
34765, مردان, city,34.193796899999995,72.0451467,D:/MapsData/ مردان.png
34766, Takht-e-Bhai, town,34.2822021,71.9270436,D:/MapsData/ Takht-e-Bhai.png
34767, دروش, town,35.5616271,71.79756400000002,D:/MapsData/ دروش.png
34768, مستوج, town,36.2769677,72.5152762,D:/MapsData/ مستوج.png
34769, کوہاٹ, city,33.5967144,71.4399944,D:/MapsData/ کوہاٹ.png
34770, بنوں, city,32.985700699999995,70.6036017,D:/MapsData/ بنوں.png
34771, ڈیرہ اسماعیل خان, city,31.827527000000003,70.9090919,D:/MapsData/ ڈیرہ اسماعیل خان.png
34772, پنجگور, town,26.961607399999995,64.11533390000001,D:/MapsData/ پنجگور.png
34773, پاڑاچنار, city,33.8967938,70.1000564,D:/MapsData/ پاڑاچنار.png
34774, Усть-Кут, town,56.780561,105.7489287,D:/MapsData/ Усть-Кут.png
34775, Северобайкальск, town,55.635967,109.335648,D:/MapsData/ Северобайкальск.png
34776, Гусиноозёрск, town,51.289516,106.527008,D:/MapsData/ Гусиноозёрск.png
34777, Кяхта, town,50.353176,106.44915,D:/MapsData/ Кяхта.png
34778, Тында, town,55.149694,124.7375884,D:/MapsData/ Тында.png
34779, Чульман, town,56.840408,124.904716,D:/MapsData/ Чульман.png
34780, Томмот, town,58.968536,126.266853,D:/MapsData/ Томмот.png
34781, Амга, town,60.894218,131.97998,D:/MapsData/ Амга.png
34782, رهط, town,31.3933637,34.7546784,D:/MapsData/ رهط.png
34783, Ижморский, town,56.19216899999999,86.637169,D:/MapsData/ Ижморский.png
34784, 漠河市, city,52.969709400000006,122.5339041,D:/MapsData/ 漠河市.png
34785, ქარელი, town,42.0214841,43.8933008,D:/MapsData/ ქარელი.png
34786, Сусуман, town,62.779732,148.15361,D:/MapsData/ Сусуман.png
34787, Усть-Нера, town,64.566376,143.23783899999995,D:/MapsData/ Усть-Нера.png
34788, Бердск, city,54.75795,83.1068095,D:/MapsData/ Бердск.png
34789, Краснозёрское, town,53.984768,79.228577,D:/MapsData/ Краснозёрское.png
34790, Кочки, town,54.334766,80.48784599999998,D:/MapsData/ Кочки.png
34791, Усть-Кокса, town,50.2695927,85.6155842,D:/MapsData/ Усть-Кокса.png
34792, Шебалино, town,51.2922638,85.6739928,D:/MapsData/ Шебалино.png
34793, Майма, town,52.00468400000001,85.89874300000002,D:/MapsData/ Майма.png
34794, Кош-Агач, town,49.9947055,88.6628218,D:/MapsData/ Кош-Агач.png
34795, Усть-Кан, town,50.932003,84.765213,D:/MapsData/ Усть-Кан.png
34796, Белокуриха, town,51.9994856,84.9860861,D:/MapsData/ Белокуриха.png
34797, Турочак, town,52.259956,87.117538,D:/MapsData/ Турочак.png
34798, ზუგდიდი, city,42.5067616,41.8713297,D:/MapsData/ ზუგდიდი.png
34799, ბორჯომი, town,41.8386946,43.3791739,D:/MapsData/ ბორჯომი.png
34800, სენაკი, town,42.2697221,42.0635021,D:/MapsData/ სენაკი.png
34801, تربت جام, city,35.2432546,60.626313,D:/MapsData/ تربت جام.png
34802, Борисоглебск, town,51.368015,42.075169,D:/MapsData/ Борисоглебск.png
34803, Ettumanoor, town,9.6701806,76.5577768,D:/MapsData/ Ettumanoor.png
34804, جھنگ, city,31.2728805,72.3103071,D:/MapsData/ جھنگ.png
34805, Addul Hakeem, town,30.5507586,72.1274866,D:/MapsData/ Addul Hakeem.png
34806, عارِف والا, city,30.294450399999995,73.0589418,D:/MapsData/ عارِف والا.png
34807, 大澳 Tai O, town,22.2541524,113.8636197,D:/MapsData/ 大澳 Tai O.png
34808, Чемал, town,51.406906,86.003571,D:/MapsData/ Чемал.png
34809, Kayamkulam, town,9.172188,76.50086850000002,D:/MapsData/ Kayamkulam.png
34810, Karunagapally, town,9.0551448,76.5354179,D:/MapsData/ Karunagapally.png
34811, Adoor, town,9.1529656,76.7355742,D:/MapsData/ Adoor.png
34812, شیخوپورہ, city,31.7085285,73.9864014,D:/MapsData/ شیخوپورہ.png
34813, قصور, city,31.1175143,74.4478314,D:/MapsData/ قصور.png
34814, Burewala, town,30.1588005,72.6796973,D:/MapsData/ Burewala.png
34815, حافظ آباد, town,32.072546,73.6857558,D:/MapsData/ حافظ آباد.png
34816, خانپُور, city,28.6477403,70.656008,D:/MapsData/ خانپُور.png
34817, گوجرہ, city,31.148237100000006,72.6859082,D:/MapsData/ گوجرہ.png
34818, منڈی بهاؤالدین‬, city,32.5846351,73.4914169,D:/MapsData/ منڈی بهاؤالدین‬.png
34819, ڈسکہ, city,32.3353965,74.35403079999998,D:/MapsData/ ڈسکہ.png
34820, پاکپتّن, city,30.342250300000003,73.3891875,D:/MapsData/ پاکپتّن.png
34821, بہاولنگر, city,29.9935922,73.2527621,D:/MapsData/ بہاولنگر.png
34822, کمالیہ, town,30.7269883,72.6450218,D:/MapsData/ کمالیہ.png
34823, Kot Addu, town,30.4692602,70.9678776,D:/MapsData/ Kot Addu.png
34824, وزِيرآباد‎, town,32.4417427,74.1182117,D:/MapsData/ وزِيرآباد‎.png
34825, Toledo, city,10.3749385,123.63440690000002,D:/MapsData/ Toledo.png
34826, Сузун, town,53.783924,82.316231,D:/MapsData/ Сузун.png
34827, Шелаболиха, town,53.4174823,82.59719940000002,D:/MapsData/ Шелаболиха.png
34828, Павловск, town,53.3133356,82.98991190000002,D:/MapsData/ Павловск.png
34829, Южный, town,53.254749,83.69388599999998,D:/MapsData/ Южный.png
34830, Новоалтайск, town,53.39334100000001,83.93940699999997,D:/MapsData/ Новоалтайск.png
34831, Сибирский, town,53.55706800000001,83.838425,D:/MapsData/ Сибирский.png
34832, Тальменка, town,53.8176306,83.562011,D:/MapsData/ Тальменка.png
34833, Черепаново, town,54.226101,83.370468,D:/MapsData/ Черепаново.png
34834, Линёво, town,54.456459,83.379074,D:/MapsData/ Линёво.png
34835, Искитим, town,54.6426269,83.3035676,D:/MapsData/ Искитим.png
34836, Барабинск, town,55.3567611,78.350348,D:/MapsData/ Барабинск.png
34837, Каргат, town,55.1929899,80.2828252,D:/MapsData/ Каргат.png
34838, Чулым, town,55.09,80.97045899999998,D:/MapsData/ Чулым.png
34839, حاصل پور, town,29.6889811,72.5525446,D:/MapsData/ حاصل پور.png
34840, Mianwali, town,32.5745097,71.58004059999998,D:/MapsData/ Mianwali.png
34841, جلال پور جٹّاں, town,32.64012750000001,74.20789640000002,D:/MapsData/ جلال پور جٹّاں.png
34842, بهكّر, city,31.6303103,71.06769140000002,D:/MapsData/ بهكّر.png
34843, Depalpur, town,30.6691771,73.6513733,D:/MapsData/ Depalpur.png
34844, ليّہ, city,30.964868,70.9455995,D:/MapsData/ ليّہ.png
34845, Маркс, town,51.7069911,46.7483653,D:/MapsData/ Маркс.png
34846, بهلوال, town,32.26830089999999,72.8943102,D:/MapsData/ بهلوال.png
34847, Haroonabad, town,29.6104977,73.13888890000001,D:/MapsData/ Haroonabad.png
34848, Farooqabad, town,31.746892,73.8000538,D:/MapsData/ Farooqabad.png
34849, Toba Tek Singh, town,30.977705600000004,72.48607990000002,D:/MapsData/ Toba Tek Singh.png
34850, نارووال, town,32.1009752,74.872238,D:/MapsData/ نارووال.png
34851, Haveli Lakha, town,30.450444,73.69742509999998,D:/MapsData/ Haveli Lakha.png
34852, سمبڑیال, town,32.4769011,74.3528918,D:/MapsData/ سمبڑیال.png
34853, Shujaabad, town,29.8809972,71.29316949999998,D:/MapsData/ Shujaabad.png
34854, Jampur, town,29.6402826,70.5951467,D:/MapsData/ Jampur.png
34855, میلسی, town,29.798937100000003,72.17823659999998,D:/MapsData/ میلسی.png
34856, Hujra Shah Muqeem, town,30.7393828,73.82456309999998,D:/MapsData/ Hujra Shah Muqeem.png
34857, Cagayan de Oro, city,8.475487800000002,124.6421317,D:/MapsData/ Cagayan de Oro.png
34858, Coonoor, town,11.3459447,76.79652829999998,D:/MapsData/ Coonoor.png
34859, מעלה אדומים, town,31.7705643,35.29874570000001,D:/MapsData/ מעלה אדומים.png
34860, Нижний Бестях, town,61.95706600000001,129.911346,D:/MapsData/ Нижний Бестях.png
34861, Devanahalli, town,13.248350199999996,77.7134377,D:/MapsData/ Devanahalli.png
34862, Nepalgunj, town,28.058903000000004,81.625847,D:/MapsData/ Nepalgunj.png
34863, Карасук, town,53.73447,78.032372,D:/MapsData/ Карасук.png
34864, Славгород, town,52.98924279999999,78.646251,D:/MapsData/ Славгород.png
34865, Азов, town,47.1139219,39.4259657,D:/MapsData/ Азов.png
34866, Хабары, town,53.6236801,79.5404777,D:/MapsData/ Хабары.png
34867, Панкрушиха, town,53.8328616,80.34427059999999,D:/MapsData/ Панкрушиха.png
34868, Tagaytay, city,14.1149812,120.9635545,D:/MapsData/ Tagaytay.png
34869, طرقبه, town,36.3097179,59.3741338,D:/MapsData/ طرقبه.png
34870, Очёр, town,57.88361750000001,54.715823,D:/MapsData/ Очёр.png
34871, Полазна, town,58.2909057,56.4136872,D:/MapsData/ Полазна.png
34872, Добрянка, town,58.4534571,56.42454470000001,D:/MapsData/ Добрянка.png
34873, Сковородино, town,53.98625670000001,123.9373454,D:/MapsData/ Сковородино.png
34874, Кутулик, town,53.3494147,102.7949052,D:/MapsData/ Кутулик.png
34875, Ермолаево, town,52.703259,55.834736,D:/MapsData/ Ермолаево.png
34876, Боград, town,54.21806,90.856026,D:/MapsData/ Боград.png
34877, Шира, town,54.48764,89.962891,D:/MapsData/ Шира.png
34878, Копьёво, town,54.992966,89.826622,D:/MapsData/ Копьёво.png
34879, Красновишерск, town,60.4017837,57.07670450000001,D:/MapsData/ Красновишерск.png
34880, Соликамск, city,59.649437,56.779594,D:/MapsData/ Соликамск.png
34881, Усолье, town,59.4180251,56.68308029999999,D:/MapsData/ Усолье.png
34882, Яйва, town,59.3321491,57.26615500000001,D:/MapsData/ Яйва.png
34883, Александровск, town,59.159386100000006,57.58612320000001,D:/MapsData/ Александровск.png
34884, Кизел, town,59.049252,57.6535,D:/MapsData/ Кизел.png
34885, Чусовой, town,58.28205500000001,57.821075,D:/MapsData/ Чусовой.png
34886, Черногорск, town,53.828236,91.31321,D:/MapsData/ Черногорск.png
34887, Ак-Довурак, town,51.174081,90.5999914,D:/MapsData/ Ак-Довурак.png
34888, Чадан, town,51.286018,91.582817,D:/MapsData/ Чадан.png
34889, Шагонар, town,51.538721,92.9194074,D:/MapsData/ Шагонар.png
34890, Туран, town,52.1458093,93.9186434,D:/MapsData/ Туран.png
34891, Сарыг-Сеп, town,51.492626,95.554681,D:/MapsData/ Сарыг-Сеп.png
34892, Кызыл-Мажалык, town,51.14546110000001,90.5814803,D:/MapsData/ Кызыл-Мажалык.png
34893, Абаза, town,52.6510546,90.101159,D:/MapsData/ Абаза.png
34894, Гəдоуҭа - Гудаута, town,43.102487,40.6247105,D:/MapsData/ Гəдоуҭа - Гудаута.png
34895, Гал, town,42.628948,41.737236,D:/MapsData/ Гал.png
34896, Тҟəарчал - Ткуарчал, town,42.8471066,41.68263,D:/MapsData/ Тҟəарчал - Ткуарчал.png
34897, Троицк, town,54.084549,61.551991,D:/MapsData/ Троицк.png
34898, Покровск, town,61.48327,129.1540617,D:/MapsData/ Покровск.png
34899, Холмск, town,47.0545875,142.0487125,D:/MapsData/ Холмск.png
34900, Абан, town,56.67667,96.067764,D:/MapsData/ Абан.png
34901, Уват, town,59.142658,68.894775,D:/MapsData/ Уват.png
34902, Калач-на-Дону, town,48.692699,43.524063,D:/MapsData/ Калач-на-Дону.png
34903, Новоузенск, town,50.462326,48.135532,D:/MapsData/ Новоузенск.png
34904, 赤城县, city,40.9118717,115.8258471,D:/MapsData/ 赤城县.png
34905, Сальск, town,46.476669,41.54100800000001,D:/MapsData/ Сальск.png
34906, Зимовники, town,47.148918,42.46497,D:/MapsData/ Зимовники.png
34907, Завьялово, town,56.784662,53.3776005,D:/MapsData/ Завьялово.png
34908, Tabo, town,32.0939595,78.3836693,D:/MapsData/ Tabo.png
34909, Надым, town,65.5336238,72.51139549999998,D:/MapsData/ Надым.png
34910, Карачаевск, town,43.7715594,41.911979,D:/MapsData/ Карачаевск.png
34911, Прохладный, town,43.759001700000006,44.0103981,D:/MapsData/ Прохладный.png
34912, Kullu, town,31.9578974,77.1089232,D:/MapsData/ Kullu.png
34913, Алагир, town,43.039841,44.220451,D:/MapsData/ Алагир.png
34914, 喇叭沟门乡, town,40.9010133,116.6160771,D:/MapsData/ 喇叭沟门乡.png
34915, 长哨营乡, town,40.7922977,116.7445098,D:/MapsData/ 长哨营乡.png
34916, Каспийск, city,42.8881414,47.6424676,D:/MapsData/ Каспийск.png
34917, Избербаш, town,42.5710804,47.862999,D:/MapsData/ Избербаш.png
34918, Касумкент, town,41.6758118,48.1516324,D:/MapsData/ Касумкент.png
34919, Буйнакск, town,42.8260906,47.1219624,D:/MapsData/ Буйнакск.png
34920, Дагестанские Огни, town,42.1152434,48.1864201,D:/MapsData/ Дагестанские Огни.png
34921, Кизилюрт, town,43.1999049,46.8713343,D:/MapsData/ Кизилюрт.png
34922, Южно-Сухокумск, town,44.662231,45.645138,D:/MapsData/ Южно-Сухокумск.png
34923, Varanasi, city,25.3356491,83.0076292,D:/MapsData/ Varanasi.png
34924, Аргун, town,43.2950455,45.86889179999999,D:/MapsData/ Аргун.png
34925, Гудермес, town,43.3486103,46.095945,D:/MapsData/ Гудермес.png
34926, Шали, town,43.153942,45.906578,D:/MapsData/ Шали.png
34927, Пугачёв, town,52.0121253,48.8109795,D:/MapsData/ Пугачёв.png
34928, Shaikh Wasil, town,29.8936008,66.6389827,D:/MapsData/ Shaikh Wasil.png
34930, Ahmed Wal, town,29.3955809,65.9405431,D:/MapsData/ Ahmed Wal.png
34931, نوک کنڈی, town,28.8239333,62.7454306,D:/MapsData/ نوک کنڈی.png
34932, تفتان, town,28.9495022,61.5880059,D:/MapsData/ تفتان.png
34933, Карабулак, town,43.3094909,44.91033400000001,D:/MapsData/ Карабулак.png
34934, الدمام, city,26.436782399999995,50.1039991,D:/MapsData/ الدمام.png
34935, Ваҳдат, town,38.5614133,69.0172675,D:/MapsData/ Ваҳдат.png
34936, Dadhar, town,29.4880699,67.6422752,D:/MapsData/ Dadhar.png
34937, Игра, town,57.546744200000006,53.09918029999999,D:/MapsData/ Игра.png
34938, Карагай, town,58.265579,54.92720799999999,D:/MapsData/ Карагай.png
34939, Кудымкар, town,59.01460600000001,54.664135,D:/MapsData/ Кудымкар.png
34940, Горнозаводск, town,58.374001,58.325058,D:/MapsData/ Горнозаводск.png
34941, Качканар, town,58.6981697,59.48101139999999,D:/MapsData/ Качканар.png
34942, Серов, city,59.605190500000006,60.574043,D:/MapsData/ Серов.png
34943, 狮泉河镇, town,32.4958021,80.09940959999999,D:/MapsData/ 狮泉河镇.png
34944, 萨迦镇, town,28.9056701,88.0203432,D:/MapsData/ 萨迦镇.png
34945, 岗嘎镇, town,28.584542,86.6121071,D:/MapsData/ 岗嘎镇.png
34946, 城关镇, town,31.140894,97.1809697,D:/MapsData/ 城关镇.png
34947, Норак, town,38.3896911,69.3081146,D:/MapsData/ Норак.png
34948, Зубова Поляна, town,54.079964,42.837425,D:/MapsData/ Зубова Поляна.png
34949, Кузнецк, town,53.112514,46.600727,D:/MapsData/ Кузнецк.png
34950, 宁陕县, city,33.3151255,108.3078261,D:/MapsData/ 宁陕县.png
34951, 宁强县, city,32.831236600000004,106.2547898,D:/MapsData/ 宁强县.png
34952, 中子镇, town,32.6917428,106.0330289,D:/MapsData/ 中子镇.png
34953, Аргаяш, town,55.49071510000001,60.8773703,D:/MapsData/ Аргаяш.png
34954, Кыштым, town,55.709923,60.551208,D:/MapsData/ Кыштым.png
34955, Верхний Уфалей, town,56.05202900000001,60.226448,D:/MapsData/ Верхний Уфалей.png
34956, شارەبان, town,33.975806899999995,44.9303011,D:/MapsData/ شارەبان.png
34957, الخالص, town,33.856576700000005,44.5166811,D:/MapsData/ الخالص.png
34958, گوڵاڵە, town,34.2738201,45.1666986,D:/MapsData/ گوڵاڵە.png
34959, سعدية, town,34.1863032,45.1182834,D:/MapsData/ سعدية.png
34960, بني سعد, town,33.5699094,44.5447985,D:/MapsData/ بني سعد.png
34961, კასპი, town,41.9245899,44.4186645,D:/MapsData/ კასპი.png
34962, Яровое, town,52.919704,78.563568,D:/MapsData/ Яровое.png
34963, Chintamani, town,13.3986587,78.05330579999998,D:/MapsData/ Chintamani.png
34964, جيزان, city,16.894719,42.5579758,D:/MapsData/ جيزان.png
34965, Юго-Камский, town,57.702385,55.582874,D:/MapsData/ Юго-Камский.png
34966, Оса, town,57.28292070000001,55.4602059,D:/MapsData/ Оса.png
34967, სიღნაღი, town,41.61845570000001,45.9220959,D:/MapsData/ სიღნაღი.png
34968, წნორი, town,41.6182456,45.9780928,D:/MapsData/ წნორი.png
34969, გურჯაანი, town,41.7463818,45.7946722,D:/MapsData/ გურჯაანი.png
34970, ཀུན་ཏ་ 耿达镇, town,31.0916428,103.3090379,D:/MapsData/ ཀུན་ཏ་ 耿达镇.png
34971, བ་སྨད་ 八美镇, town,30.4857564,101.48169140000002,D:/MapsData/ བ་སྨད་ 八美镇.png
34972, 塔公镇, town,30.3202202,101.5213,D:/MapsData/ 塔公镇.png
34973, Асбест, town,57.00527460000001,61.4580765,D:/MapsData/ Асбест.png
34974, 八一街道, town,29.6590999,94.3574028,D:/MapsData/ 八一街道.png
34975, 聂拉木镇, town,28.1597936,85.97923990000002,D:/MapsData/ 聂拉木镇.png
34976, بيروت, city,33.8959203,35.47843,D:/MapsData/ بيروت.png
34977, 错那县, city,27.994804,91.9560868,D:/MapsData/ 错那县.png
34978, 隆子县, city,28.4123665,92.4637663,D:/MapsData/ 隆子县.png
34979, Криводановка, town,55.0859006,82.6440062,D:/MapsData/ Криводановка.png
34980, Чоя, town,52.005322,86.545723,D:/MapsData/ Чоя.png
34981, Оса, town,53.388348,103.877457,D:/MapsData/ Оса.png
34982, Кулунда, town,52.566559,78.935448,D:/MapsData/ Кулунда.png
34983, Калачинск, town,55.049091,74.58242800000002,D:/MapsData/ Калачинск.png
34984, Горьковское, town,55.371033,74.36255600000001,D:/MapsData/ Горьковское.png
34985, Одесское, town,54.20969,72.965538,D:/MapsData/ Одесское.png
34986, Русская Поляна, town,53.780357,73.882103,D:/MapsData/ Русская Поляна.png
34987, Карабаш, town,55.485809,60.209541,D:/MapsData/ Карабаш.png
34988, Kannur, town,11.8762254,75.37380429999997,D:/MapsData/ Kannur.png
34989, Mahe, town,11.7021978,75.53647009999997,D:/MapsData/ Mahe.png
34990, Здвинск, town,54.703968,78.66759499999998,D:/MapsData/ Здвинск.png
34991, ٹھٹہ, city,24.7469,67.92402829999999,D:/MapsData/ ٹھٹہ.png
34992, Бачатский, town,54.283138,86.104759,D:/MapsData/ Бачатский.png
34993, Alipur, town,29.3818018,70.9097965,D:/MapsData/ Alipur.png
34994, Uch Sharif, town,29.2389543,71.06148,D:/MapsData/ Uch Sharif.png
34995, Jatoi Janubi, town,29.5105224,70.8459377,D:/MapsData/ Jatoi Janubi.png
34996, Shahr Sultan, town,29.5748052,71.0222905,D:/MapsData/ Shahr Sultan.png
34997, สีคิ้ว, town,14.892691,101.7241481,D:/MapsData/ สีคิ้ว.png
34998, Малышева, town,57.116123,61.397663,D:/MapsData/ Малышева.png
34999, บ้านท่าหลวง, town,15.0712655,101.109146,D:/MapsData/ บ้านท่าหลวง.png
35000, โคกสำโรง, town,15.0657206,100.7221921,D:/MapsData/ โคกสำโรง.png
35001, หนองม่วง, town,15.2272664,100.6593558,D:/MapsData/ หนองม่วง.png
35002, Badin, town,24.6551671,68.84015090000001,D:/MapsData/ Badin.png
35003, Туруханск, town,65.7934285,87.9589375,D:/MapsData/ Туруханск.png
35004, Новоуральск, town,57.247047,60.09581800000001,D:/MapsData/ Новоуральск.png
35005, Невьянск, town,57.4924036,60.2105408,D:/MapsData/ Невьянск.png
35006, Новая Ляля, town,59.052734,60.595974,D:/MapsData/ Новая Ляля.png
35007, Gudalur, town,11.4992417,76.4923903,D:/MapsData/ Gudalur.png
35008, Кабанск, town,52.055408,106.65432,D:/MapsData/ Кабанск.png
35009, Джубга, town,44.3170538,38.7043664,D:/MapsData/ Джубга.png
35010, Балахта, town,55.383221,91.615273,D:/MapsData/ Балахта.png
35011, چابهار, city,25.2935488,60.6469115,D:/MapsData/ چابهار.png
35012, کنارک, town,25.3604865,60.3981155,D:/MapsData/ کنارک.png
35013, წყალტუბო, town,42.3253518,42.5979488,D:/MapsData/ წყალტუბო.png
35014, ჭიათურა, town,42.2910245,43.28883620000001,D:/MapsData/ ჭიათურა.png
35015, Gilimanuk, town,-8.1707675,114.4361568,D:/MapsData/ Gilimanuk.png
35016, Ельцовка, town,53.25242040000001,86.2641786,D:/MapsData/ Ельцовка.png
35017, Маслянино, town,54.345501,84.21067,D:/MapsData/ Маслянино.png
35018, Полевской, town,56.442108,60.165859,D:/MapsData/ Полевской.png
35019, پاتل ایسین, town,27.3019531,56.2393185,D:/MapsData/ پاتل ایسین.png
35020, سر ریگ یک, town,27.300313300000006,56.27699820000001,D:/MapsData/ سر ریگ یک.png
35021, چهچکر, town,27.2783834,56.3468644,D:/MapsData/ چهچکر.png
35022, 安芸高田市, city,34.70296,132.6775,D:/MapsData/ 安芸高田市.png
35023, Pulau Sebang, town,2.4446065,102.2356626,D:/MapsData/ Pulau Sebang.png
35024, Santa Cruz, town,14.281809900000004,121.414977,D:/MapsData/ Santa Cruz.png
35025, 张山营镇, town,40.4771074,115.8396444,D:/MapsData/ 张山营镇.png
35026, 延庆区, city,40.4568127,115.9705791,D:/MapsData/ 延庆区.png
35027, Seeduwa, town,7.1311776,79.8762627,D:/MapsData/ Seeduwa.png
35028, ქობულეთი, town,41.8113601,41.77932020000001,D:/MapsData/ ქობულეთი.png
35029, ტყიბული, town,42.3477177,42.9980769,D:/MapsData/ ტყიბული.png
35030, ხონი, town,42.32455170000001,42.4221702,D:/MapsData/ ხონი.png
35031, გარდაბანი, town,41.4596178,45.089706,D:/MapsData/ გარდაბანი.png
35032, სურამი, town,42.0180524,43.56299310000001,D:/MapsData/ სურამი.png
35033, Дивеево, town,55.041687,43.245518,D:/MapsData/ Дивеево.png
35034, Снежинск, town,56.087009,60.732674,D:/MapsData/ Снежинск.png
35035, Төмөрбулаг, town,49.2966218,100.2591778,D:/MapsData/ Төмөрбулаг.png
35036, Галт, town,48.7682149,99.8756766,D:/MapsData/ Галт.png
35037, Сүхбаатар, city,50.2358909,106.2094944,D:/MapsData/ Сүхбаатар.png
35038, Эрдэнэбулган, town,50.115718,101.5873788,D:/MapsData/ Эрдэнэбулган.png
35039, نابلس, city,32.2205316,35.2569374,D:/MapsData/ نابلس.png
35040, Болотное, town,55.6715707,84.38855699999998,D:/MapsData/ Болотное.png
35041, Аксу, city,52.0354244,76.93411329999998,D:/MapsData/ Аксу.png
35042, Besisahar, town,28.231316,84.376144,D:/MapsData/ Besisahar.png
35043, Ambon, city,-3.6959434,128.178785,D:/MapsData/ Ambon.png
35044, Port Blair, city,11.664534800000002,92.7390448,D:/MapsData/ Port Blair.png
35045, Өлгий, city,48.9717351,89.9619474,D:/MapsData/ Өлгий.png
35046, Эрдэнэт ᠡᠷᠳᠡᠨᠢᠲᠦ, city,49.0275128,104.04478509999998,D:/MapsData/ Эрдэнэт ᠡᠷᠳᠡᠨᠢᠲᠦ.png
35047, Дархан, city,49.49224279999999,105.9361613,D:/MapsData/ Дархан.png
35048, Чойбалсан ᠴᠣᠶᠢᠪᠠᠯᠰᠠᠩ, city,48.0688183,114.5241352,D:/MapsData/ Чойбалсан ᠴᠣᠶᠢᠪᠠᠯᠰᠠᠩ.png
35049, Баянмөнх, town,46.8990617,109.761158,D:/MapsData/ Баянмөнх.png
35050, Налайх, town,47.7711646,107.2511905,D:/MapsData/ Налайх.png
35051, Баянхонгор, city,46.1936649,100.71426540000002,D:/MapsData/ Баянхонгор.png
35052, Багануур, town,47.7826686,108.3705783,D:/MapsData/ Багануур.png
35053, Арвайхээр, city,46.2681885,102.7863148,D:/MapsData/ Арвайхээр.png
35054, Алтай ᠠᠯᠲᠠᠢ, city,46.3643389,96.2532498,D:/MapsData/ Алтай ᠠᠯᠲᠠᠢ.png
35055, Сайншанд ᠳᠠᠯᠠᠨᠵᠠᠳᠠᠭᠠᠳ, city,44.8883913,110.1431263,D:/MapsData/ Сайншанд ᠳᠠᠯᠠᠨᠵᠠᠳᠠᠭᠠᠳ.png
35056, Зүүнбаян, town,44.4895589,110.0462015,D:/MapsData/ Зүүнбаян.png
35057, Улиастай ᠣᠯᡳᠶᠠᠰᠣᡨᠠᡳ, city,47.7415554,96.8474808,D:/MapsData/ Улиастай ᠣᠯᡳᠶᠠᠰᠣᡨᠠᡳ.png
35058, Ipoh, city,4.5986817,101.0900236,D:/MapsData/ Ipoh.png
35059, Valasaravakkam, town,13.0410164,80.1721682,D:/MapsData/ Valasaravakkam.png
35060, Kundrathur, town,12.9957704,80.09731140000002,D:/MapsData/ Kundrathur.png
35061, Thirumazhisai, town,13.0540139,80.0607568,D:/MapsData/ Thirumazhisai.png
35062, Шарын гол, town,49.2465,106.42210190000002,D:/MapsData/ Шарын гол.png
35063, Хонгор, town,49.3080055,105.9307242,D:/MapsData/ Хонгор.png
35064, پېښور, city,34.012384600000004,71.5787458,D:/MapsData/ پېښور.png
35065, مهدی‌شهر, town,35.7108029,53.3555769,D:/MapsData/ مهدی‌شهر.png
35066, شهمیرزاد, town,35.773506899999994,53.3279767,D:/MapsData/ شهمیرزاد.png
35067, درجزین, town,35.6539439,53.33798760000001,D:/MapsData/ درجزین.png
35068, دمياط, city,31.4167427,31.8213657,D:/MapsData/ دمياط.png
35069, Alor Setar, city,6.1231908,100.3683962,D:/MapsData/ Alor Setar.png
35070, Вершино-Дарасунский, town,52.365974,115.550949,D:/MapsData/ Вершино-Дарасунский.png
35071, Тяжинский, town,56.1139351,88.5171814,D:/MapsData/ Тяжинский.png
35072, Усть-Лабинск, town,45.2178027,39.6896725,D:/MapsData/ Усть-Лабинск.png
35073, Васюринская, town,45.11832620000001,39.4200463,D:/MapsData/ Васюринская.png
35074, Воронежская, town,45.21204760000001,39.5670828,D:/MapsData/ Воронежская.png
35075, Пластуновская, town,45.2962422,39.2662799,D:/MapsData/ Пластуновская.png
35076, Платнировская, town,45.391981,39.3903857,D:/MapsData/ Платнировская.png
35077, Жаргалант, town,48.5841912,99.3518889,D:/MapsData/ Жаргалант.png
35078, Алаг-Эрдэнэ, town,50.1178824,100.0511545,D:/MapsData/ Алаг-Эрдэнэ.png
35079, Их-Уул, town,49.4421242,101.4745331,D:/MapsData/ Их-Уул.png
35080, Цагаан-Үүр, town,50.539217,101.5184583,D:/MapsData/ Цагаан-Үүр.png
35081, Тэлмэн, town,48.6424845,97.6141954,D:/MapsData/ Тэлмэн.png
35082, Цэцэрлэг, city,47.476602,101.4532887,D:/MapsData/ Цэцэрлэг.png
35083, Nursux, town,40.3680552,70.7573635,D:/MapsData/ Nursux.png
35084, Хотонт, town,47.3629906,102.4710323,D:/MapsData/ Хотонт.png
35085, Елизаветинская, town,45.0480573,38.7928963,D:/MapsData/ Елизаветинская.png
35086, Новомышастовская, town,45.1987319,38.57952120000001,D:/MapsData/ Новомышастовская.png
35087, Баянгол, town,48.9147487,106.0866279,D:/MapsData/ Баянгол.png
35088, Динская, town,45.2168713,39.2249757,D:/MapsData/ Динская.png
35089, Буинск, town,54.9722866,48.2928964,D:/MapsData/ Буинск.png
35090, Чистополь, town,55.3714831,50.6367311,D:/MapsData/ Чистополь.png
35091, Арск, town,56.0909916,49.8771828,D:/MapsData/ Арск.png
35092, Yangiqorgon, town,40.5566133,71.14305159999998,D:/MapsData/ Yangiqorgon.png
35093, Bag`dod, town,40.4610148,71.2135681,D:/MapsData/ Bag`dod.png
35094, Uchkuprik, town,40.5425953,71.05718459999999,D:/MapsData/ Uchkuprik.png
35095, Шуя, town,56.8558465,41.38384960000001,D:/MapsData/ Шуя.png
35096, Ермаковское, town,53.278046,92.396088,D:/MapsData/ Ермаковское.png
35097, ميسان, town,20.7371829,40.8386833,D:/MapsData/ ميسان.png
35098, الباحة, city,20.0137941,41.4656378,D:/MapsData/ الباحة.png
35099, أبها, city,18.2164282,42.5043596,D:/MapsData/ أبها.png
35100, سراة عبيدة, town,18.0873982,43.1326414,D:/MapsData/ سراة عبيدة.png
35101, بندر ترکمن, town,36.8929175,54.0697204,D:/MapsData/ بندر ترکمن.png
35102, گمیشان, town,37.070099,54.0770422,D:/MapsData/ گمیشان.png
35103, الحوية, city,21.4448658,40.5029502,D:/MapsData/ الحوية.png
35104, Poytug‘, town,40.8986353,72.24750290000001,D:/MapsData/ Poytug‘.png
35105, Xonobod, town,40.8004695,72.9780937,D:/MapsData/ Xonobod.png
35106, Кара-Суу, town,40.7079547,72.88018670000002,D:/MapsData/ Кара-Суу.png
35107, Шушенское, town,53.32782,91.945374,D:/MapsData/ Шушенское.png
35108, Chinabad, town,40.8788919,71.9791962,D:/MapsData/ Chinabad.png
35109, Черёмушки, town,52.848377,91.42038,D:/MapsData/ Черёмушки.png
35110, Курагино, town,53.88809200000001,92.680222,D:/MapsData/ Курагино.png
35111, Toʻraqoʻrgʻon, town,40.9991071,71.5088649,D:/MapsData/ Toʻraqoʻrgʻon.png
35112, Oltinko'l, town,40.8011469,72.1634159,D:/MapsData/ Oltinko'l.png
35113, Jalaquduq, town,40.7180763,72.6412196,D:/MapsData/ Jalaquduq.png
35114, Xo'jaobod, town,40.665998,72.56819250000002,D:/MapsData/ Xo'jaobod.png
35115, Нолинск, town,57.5579577,49.92946679999999,D:/MapsData/ Нолинск.png
35116, Нема, town,57.5052656,50.5021661,D:/MapsData/ Нема.png
35117, Кильмезь, town,56.9449015,51.0613993,D:/MapsData/ Кильмезь.png
35118, Малмыж, town,56.5206314,50.6775905,D:/MapsData/ Малмыж.png
35119, Yangiqo'rg'on, town,41.1902466,71.7257808,D:/MapsData/ Yangiqo'rg'on.png
35120, Olmos, town,41.0039809,71.0954613,D:/MapsData/ Olmos.png
35121, Palu, city,-0.8957793,119.86799740000002,D:/MapsData/ Palu.png
35122, Уржум, town,57.1101118,50.0003067,D:/MapsData/ Уржум.png
35123, Сюмси, town,57.1081378,51.6147316,D:/MapsData/ Сюмси.png
35124, Ува, town,56.98266160000001,52.1884394,D:/MapsData/ Ува.png
35125, Ядрин, town,55.9407976,46.2006586,D:/MapsData/ Ядрин.png
35126, Тюкалинск, town,55.87055600000001,72.196617,D:/MapsData/ Тюкалинск.png
35127, Красный Яр, town,55.24008900000001,72.923889,D:/MapsData/ Красный Яр.png
35128, Белореченск, town,44.7614149,39.8712943,D:/MapsData/ Белореченск.png
35129, گھارو, town,24.7408953,67.581008,D:/MapsData/ گھارو.png
35130, Tansen, town,27.866366,83.5469084,D:/MapsData/ Tansen.png
35131, Майлуу-Суу, town,41.2457479,72.448039,D:/MapsData/ Майлуу-Суу.png
35132, Кочкор-Ата, town,41.0389065,72.483277,D:/MapsData/ Кочкор-Ата.png
35133, Tanakpur, town,29.0740524,80.10960109999998,D:/MapsData/ Tanakpur.png
35134, Kohalpur, town,28.1917807,81.6849712,D:/MapsData/ Kohalpur.png
35135, Heṭauḍā, city,27.431079800000006,85.03186720000002,D:/MapsData/ Heṭauḍā.png
35136, Выселки, town,45.5806221,39.6574237,D:/MapsData/ Выселки.png
35137, Яблоновский, town,44.9864341,38.9382841,D:/MapsData/ Яблоновский.png
35138, Энем, town,44.9230727,38.9071424,D:/MapsData/ Энем.png
35139, Афипский, town,44.9040435,38.8426821,D:/MapsData/ Афипский.png
35140, Северская, town,44.853421,38.6781253,D:/MapsData/ Северская.png
35141, Ильский, town,44.854575,38.5702615,D:/MapsData/ Ильский.png
35142, Крымск, town,44.9295889,37.9880177,D:/MapsData/ Крымск.png
35143, Чернушка, town,56.500682,56.0762788,D:/MapsData/ Чернушка.png
35144, Куеда, town,56.43350600000001,55.590763,D:/MapsData/ Куеда.png
35145, ذمار, city,14.542997,44.4000607,D:/MapsData/ ذمار.png
35146, Курганинск, town,44.8846971,40.5891773,D:/MapsData/ Курганинск.png
35147, المخا, town,13.3179164,43.2501093,D:/MapsData/ المخا.png
35148, Калининская, town,45.4856626,38.65981370000001,D:/MapsData/ Калининская.png
35149, Брюховецкая, town,45.80061660000001,39.0003034,D:/MapsData/ Брюховецкая.png
35150, Переясловская, town,45.844673,39.021858,D:/MapsData/ Переясловская.png
35151, Каневская, town,46.0848847,38.9724318,D:/MapsData/ Каневская.png
35152, Стародеревянковская, town,46.12777379999999,38.9713729,D:/MapsData/ Стародеревянковская.png
35153, Варениковская, town,45.121292,37.638737,D:/MapsData/ Варениковская.png
35154, تريم, town,16.056396499999998,48.9967237,D:/MapsData/ تريم.png
35155, عتق, city,14.5277354,46.8453776,D:/MapsData/ عتق.png
35156, Өлзийт, town,48.0990403,102.5569357,D:/MapsData/ Өлзийт.png
35157, Старотитаровская, town,45.2188185,37.1480059,D:/MapsData/ Старотитаровская.png
35158, Лүн, town,47.8675551,105.2531767,D:/MapsData/ Лүн.png
35159, Рашаант, town,49.1223984,101.4359056,D:/MapsData/ Рашаант.png
35160, Их тамир, town,47.5951668,101.2043381,D:/MapsData/ Их тамир.png
35161, Тосонцэнгэл, town,48.75480820000001,98.2703194,D:/MapsData/ Тосонцэнгэл.png
35162, Тосонцэнгэл, town,49.4757094,100.892601,D:/MapsData/ Тосонцэнгэл.png
35163, Тбилисская, town,45.3635681,40.1898342,D:/MapsData/ Тбилисская.png
35164, Ладожская, town,45.3076593,39.9268511,D:/MapsData/ Ладожская.png
35165, Казарман, town,41.40627960000001,74.0276214,D:/MapsData/ Казарман.png
35166, Талас, town,42.5233807,72.2373853,D:/MapsData/ Талас.png
35167, Varzik, town,41.1212407,71.24390600000002,D:/MapsData/ Varzik.png
35168, Axcha, town,40.9926959,71.0465921,D:/MapsData/ Axcha.png
35169, فاروج, town,37.23111110000001,58.2188889,D:/MapsData/ فاروج.png
35170, شیروان, town,37.395352,57.93003050000001,D:/MapsData/ شیروان.png
35171, آشخانه, town,37.5603754,56.92299499999999,D:/MapsData/ آشخانه.png
35172, مینودشت, town,37.2288889,55.37472220000001,D:/MapsData/ مینودشت.png
35173, آزادشهر, town,37.0875125,55.1725639,D:/MapsData/ آزادشهر.png
35174, Даланзадгад ᠳᠠᠯᠠᠨᠵᠠᠳᠠᠭᠠᠳ, city,43.5717042,104.4259502,D:/MapsData/ Даланзадгад ᠳᠠᠯᠠᠨᠵᠠᠳᠠᠭᠠᠳ.png
35175, Булган, town,44.0962554,103.5426724,D:/MapsData/ Булган.png
35176, Баяндалай, town,43.4673651,103.5103858,D:/MapsData/ Баяндалай.png
35177, Хан хонгор, town,43.784302200000006,104.4820231,D:/MapsData/ Хан хонгор.png
35178, Цогт-Овоо, town,44.421834,105.3206912,D:/MapsData/ Цогт-Овоо.png
35179, Арсланбоб, town,41.3376236,72.9277135,D:/MapsData/ Арсланбоб.png
35180, Мандалговь, city,45.7630435,106.2704145,D:/MapsData/ Мандалговь.png
35181, Чойр ᠴᠣᠶᠢᠷ, city,46.35812410000001,108.3615542,D:/MapsData/ Чойр ᠴᠣᠶᠢᠷ.png
35182, Говь-Угтаал, town,46.04839550000001,107.4901334,D:/MapsData/ Говь-Угтаал.png
35183, Дэлгэрхаан, town,47.1778479,109.1900513,D:/MapsData/ Дэлгэрхаан.png
35184, หาดใหญ่, city,7.0026256999999985,100.45774140000002,D:/MapsData/ หาดใหญ่.png
35185, Кызыл-Суу, town,42.339524,78.004654,D:/MapsData/ Кызыл-Суу.png
